latitude,longitude
41.78,-87.54
41.78,-87.5
41.78,-87.46
41.78,-87.42
41.78,-87.38
41.78,-87.34
41.78,-87.3
41.78,-87.26
41.78,-87.22
41.78,-87.18
41.78,-87.14
41.78,-87.1
41.78,-87.06
41.78,-87.02
41.78,-86.98
41.78,-86.94
41.78,-86.9
41.78,-86.86
41.78,-86.82
41.82,-87.54
41.82,-87.5
41.82,-87.46
41.82,-87.42
41.82,-87.38
41.82,-87.34
41.82,-87.3
41.82,-87.26
41.82,-87.22
41.82,-87.18
41.82,-87.14
41.82,-87.1
41.82,-87.06
41.82,-87.02
41.82,-86.98
41.82,-86.94
41.82,-86.9
41.82,-86.86
41.82,-86.82
41.82,-86.78
41.82,-86.74
41.86,-87.58
41.86,-87.54
41.86,-87.5
41.86,-87.46
41.86,-87.42
41.86,-87.38
41.86,-87.34
41.86,-87.3
41.86,-87.26
41.86,-87.22
41.86,-87.18
41.86,-87.14
41.86,-87.1
41.86,-87.06
41.86,-87.02
41.86,-86.98
41.86,-86.94
41.86,-86.9
41.86,-86.86
41.86,-86.82
41.86,-86.78
41.86,-86.74
41.86,-86.7
41.9,-87.58
41.9,-87.54
41.9,-87.5
41.9,-87.46
41.9,-87.42
41.9,-87.38
41.9,-87.34
41.9,-87.3
41.9,-87.26
41.9,-87.22
41.9,-87.18
41.9,-87.14
41.9,-87.1
41.9,-87.06
41.9,-87.02
41.9,-86.98
41.9,-86.94
41.9,-86.9
41.9,-86.86
41.9,-86.82
41.9,-86.78
41.9,-86.74
41.9,-86.7
41.9,-86.66
41.9,-86.62
41.94,-87.62
41.94,-87.58
41.94,-87.54
41.94,-87.5
41.94,-87.46
41.94,-87.42
41.94,-87.38
41.94,-87.34
41.94,-87.3
41.94,-87.26
41.94,-87.22
41.94,-87.18
41.94,-87.14
41.94,-87.1
41.94,-87.06
41.94,-87.02
41.94,-86.98
41.94,-86.94
41.94,-86.9
41.94,-86.86
41.94,-86.82
41.94,-86.78
41.94,-86.74
41.94,-86.7
41.94,-86.66
41.94,-86.62
41.98,-87.62
41.98,-87.58
41.98,-87.54
41.98,-87.5
41.98,-87.46
41.98,-87.42
41.98,-87.38
41.98,-87.34
41.98,-87.3
41.98,-87.26
41.98,-87.22
41.98,-87.18
41.98,-87.14
41.98,-87.1
41.98,-87.06
41.98,-87.02
41.98,-86.98
41.98,-86.94
41.98,-86.9
41.98,-86.86
41.98,-86.82
41.98,-86.78
41.98,-86.74
41.98,-86.7
41.98,-86.66
41.98,-86.62
41.98,-86.58
42.02,-87.66
42.02,-87.62
42.02,-87.58
42.02,-87.54
42.02,-87.5
42.02,-87.46
42.02,-87.42
42.02,-87.38
42.02,-87.34
42.02,-87.3
42.02,-87.26
42.02,-87.22
42.02,-87.18
42.02,-87.14
42.02,-87.1
42.02,-87.06
42.02,-87.02
42.02,-86.98
42.02,-86.94
42.02,-86.9
42.02,-86.86
42.02,-86.82
42.02,-86.78
42.02,-86.74
42.02,-86.7
42.02,-86.66
42.02,-86.62
42.02,-86.58
42.06,-87.66
42.06,-87.62
42.06,-87.58
42.06,-87.54
42.06,-87.5
42.06,-87.46
42.06,-87.42
42.06,-87.38
42.06,-87.34
42.06,-87.3
42.06,-87.26
42.06,-87.22
42.06,-87.18
42.06,-87.14
42.06,-87.1
42.06,-87.06
42.06,-87.02
42.06,-86.98
42.06,-86.94
42.06,-86.9
42.06,-86.86
42.06,-86.82
42.06,-86.78
42.06,-86.74
42.06,-86.7
42.06,-86.66
42.06,-86.62
42.06,-86.58
42.06,-86.54
42.1,-87.66
42.1,-87.62
42.1,-87.58
42.1,-87.54
42.1,-87.5
42.1,-87.46
42.1,-87.42
42.1,-87.38
42.1,-87.34
42.1,-87.3
42.1,-87.26
42.1,-87.22
42.1,-87.18
42.1,-87.14
42.1,-87.1
42.1,-87.06
42.1,-87.02
42.1,-86.98
42.1,-86.94
42.1,-86.9
42.1,-86.86
42.1,-86.82
42.1,-86.78
42.1,-86.74
42.1,-86.7
42.1,-86.66
42.1,-86.62
42.1,-86.58
42.1,-86.54
42.14,-87.7
42.14,-87.66
42.14,-87.62
42.14,-87.58
42.14,-87.54
42.14,-87.5
42.14,-87.46
42.14,-87.42
42.14,-87.38
42.14,-87.34
42.14,-87.3
42.14,-87.26
42.14,-87.22
42.14,-87.18
42.14,-87.14
42.14,-87.1
42.14,-87.06
42.14,-87.02
42.14,-86.98
42.14,-86.94
42.14,-86.9
42.14,-86.86
42.14,-86.82
42.14,-86.78
42.14,-86.74
42.14,-86.7
42.14,-86.66
42.14,-86.62
42.14,-86.58
42.14,-86.54
42.14,-86.5
42.18,-87.74
42.18,-87.7
42.18,-87.66
42.18,-87.62
42.18,-87.58
42.18,-87.54
42.18,-87.5
42.18,-87.46
42.18,-87.42
42.18,-87.38
42.18,-87.34
42.18,-87.3
42.18,-87.26
42.18,-87.22
42.18,-87.18
42.18,-87.14
42.18,-87.1
42.18,-87.06
42.18,-87.02
42.18,-86.98
42.18,-86.94
42.18,-86.9
42.18,-86.86
42.18,-86.82
42.18,-86.78
42.18,-86.74
42.18,-86.7
42.18,-86.66
42.18,-86.62
42.18,-86.58
42.18,-86.54
42.18,-86.5
42.18,-86.46
42.22,-87.78
42.22,-87.74
42.22,-87.7
42.22,-87.66
42.22,-87.62
42.22,-87.58
42.22,-87.54
42.22,-87.5
42.22,-87.46
42.22,-87.42
42.22,-87.38
42.22,-87.34
42.22,-87.3
42.22,-87.26
42.22,-87.22
42.22,-87.18
42.22,-87.14
42.22,-87.1
42.22,-87.06
42.22,-87.02
42.22,-86.98
42.22,-86.94
42.22,-86.9
42.22,-86.86
42.22,-86.82
42.22,-86.78
42.22,-86.74
42.22,-86.7
42.22,-86.66
42.22,-86.62
42.22,-86.58
42.22,-86.54
42.22,-86.5
42.22,-86.46
42.22,-86.42
42.26,-87.78
42.26,-87.74
42.26,-87.7
42.26,-87.66
42.26,-87.62
42.26,-87.58
42.26,-87.54
42.26,-87.5
42.26,-87.46
42.26,-87.42
42.26,-87.38
42.26,-87.34
42.26,-87.3
42.26,-87.26
42.26,-87.22
42.26,-87.18
42.26,-87.14
42.26,-87.1
42.26,-87.06
42.26,-87.02
42.26,-86.98
42.26,-86.94
42.26,-86.9
42.26,-86.86
42.26,-86.82
42.26,-86.78
42.26,-86.74
42.26,-86.7
42.26,-86.66
42.26,-86.62
42.26,-86.58
42.26,-86.54
42.26,-86.5
42.26,-86.46
42.26,-86.42
42.26,-86.38
42.3,-87.82
42.3,-87.78
42.3,-87.74
42.3,-87.7
42.3,-87.66
42.3,-87.62
42.3,-87.58
42.3,-87.54
42.3,-87.5
42.3,-87.46
42.3,-87.42
42.3,-87.38
42.3,-87.34
42.3,-87.3
42.3,-87.26
42.3,-87.22
42.3,-87.18
42.3,-87.14
42.3,-87.1
42.3,-87.06
42.3,-87.02
42.3,-86.98
42.3,-86.94
42.3,-86.9
42.3,-86.86
42.3,-86.82
42.3,-86.78
42.3,-86.74
42.3,-86.7
42.3,-86.66
42.3,-86.62
42.3,-86.58
42.3,-86.54
42.3,-86.5
42.3,-86.46
42.3,-86.42
42.3,-86.38
42.3,-86.34
42.34,-87.82
42.34,-87.78
42.34,-87.74
42.34,-87.7
42.34,-87.66
42.34,-87.62
42.34,-87.58
42.34,-87.54
42.34,-87.5
42.34,-87.46
42.34,-87.42
42.34,-87.38
42.34,-87.34
42.34,-87.3
42.34,-87.26
42.34,-87.22
42.34,-87.18
42.34,-87.14
42.34,-87.1
42.34,-87.06
42.34,-87.02
42.34,-86.98
42.34,-86.94
42.34,-86.9
42.34,-86.86
42.34,-86.82
42.34,-86.78
42.34,-86.74
42.34,-86.7
42.34,-86.66
42.34,-86.62
42.34,-86.58
42.34,-86.54
42.34,-86.5
42.34,-86.46
42.34,-86.42
42.34,-86.38
42.34,-86.34
42.38,-87.78
42.38,-87.74
42.38,-87.7
42.38,-87.66
42.38,-87.62
42.38,-87.58
42.38,-87.54
42.38,-87.5
42.38,-87.46
42.38,-87.42
42.38,-87.38
42.38,-87.34
42.38,-87.3
42.38,-87.26
42.38,-87.22
42.38,-87.18
42.38,-87.14
42.38,-87.1
42.38,-87.06
42.38,-87.02
42.38,-86.98
42.38,-86.94
42.38,-86.9
42.38,-86.86
42.38,-86.82
42.38,-86.78
42.38,-86.74
42.38,-86.7
42.38,-86.66
42.38,-86.62
42.38,-86.58
42.38,-86.54
42.38,-86.5
42.38,-86.46
42.38,-86.42
42.38,-86.38
42.38,-86.34
42.42,-87.78
42.42,-87.74
42.42,-87.7
42.42,-87.66
42.42,-87.62
42.42,-87.58
42.42,-87.54
42.42,-87.5
42.42,-87.46
42.42,-87.42
42.42,-87.38
42.42,-87.34
42.42,-87.3
42.42,-87.26
42.42,-87.22
42.42,-87.18
42.42,-87.14
42.42,-87.1
42.42,-87.06
42.42,-87.02
42.42,-86.98
42.42,-86.94
42.42,-86.9
42.42,-86.86
42.42,-86.82
42.42,-86.78
42.42,-86.74
42.42,-86.7
42.42,-86.66
42.42,-86.62
42.42,-86.58
42.42,-86.54
42.42,-86.5
42.42,-86.46
42.42,-86.42
42.42,-86.38
42.42,-86.34
42.42,-86.3
42.46,-87.78
42.46,-87.74
42.46,-87.7
42.46,-87.66
42.46,-87.62
42.46,-87.58
42.46,-87.54
42.46,-87.5
42.46,-87.46
42.46,-87.42
42.46,-87.38
42.46,-87.34
42.46,-87.3
42.46,-87.26
42.46,-87.22
42.46,-87.18
42.46,-87.14
42.46,-87.1
42.46,-87.06
42.46,-87.02
42.46,-86.98
42.46,-86.94
42.46,-86.9
42.46,-86.86
42.46,-86.82
42.46,-86.78
42.46,-86.74
42.46,-86.7
42.46,-86.66
42.46,-86.62
42.46,-86.58
42.46,-86.54
42.46,-86.5
42.46,-86.46
42.46,-86.42
42.46,-86.38
42.46,-86.34
42.46,-86.3
42.5,-87.78
42.5,-87.74
42.5,-87.7
42.5,-87.66
42.5,-87.62
42.5,-87.58
42.5,-87.54
42.5,-87.5
42.5,-87.46
42.5,-87.42
42.5,-87.38
42.5,-87.34
42.5,-87.3
42.5,-87.26
42.5,-87.22
42.5,-87.18
42.5,-87.14
42.5,-87.1
42.5,-87.06
42.5,-87.02
42.5,-86.98
42.5,-86.94
42.5,-86.9
42.5,-86.86
42.5,-86.82
42.5,-86.78
42.5,-86.74
42.5,-86.7
42.5,-86.66
42.5,-86.62
42.5,-86.58
42.5,-86.54
42.5,-86.5
42.5,-86.46
42.5,-86.42
42.5,-86.38
42.5,-86.34
42.5,-86.3
42.54,-87.78
42.54,-87.74
42.54,-87.7
42.54,-87.66
42.54,-87.62
42.54,-87.58
42.54,-87.54
42.54,-87.5
42.54,-87.46
42.54,-87.42
42.54,-87.38
42.54,-87.34
42.54,-87.3
42.54,-87.26
42.54,-87.22
42.54,-87.18
42.54,-87.14
42.54,-87.1
42.54,-87.06
42.54,-87.02
42.54,-86.98
42.54,-86.94
42.54,-86.9
42.54,-86.86
42.54,-86.82
42.54,-86.78
42.54,-86.74
42.54,-86.7
42.54,-86.66
42.54,-86.62
42.54,-86.58
42.54,-86.54
42.54,-86.5
42.54,-86.46
42.54,-86.42
42.54,-86.38
42.54,-86.34
42.54,-86.3
42.54,-86.26
42.58,-87.78
42.58,-87.74
42.58,-87.7
42.58,-87.66
42.58,-87.62
42.58,-87.58
42.58,-87.54
42.58,-87.5
42.58,-87.46
42.58,-87.42
42.58,-87.38
42.58,-87.34
42.58,-87.3
42.58,-87.26
42.58,-87.22
42.58,-87.18
42.58,-87.14
42.58,-87.1
42.58,-87.06
42.58,-87.02
42.58,-86.98
42.58,-86.94
42.58,-86.9
42.58,-86.86
42.58,-86.82
42.58,-86.78
42.58,-86.74
42.58,-86.7
42.58,-86.66
42.58,-86.62
42.58,-86.58
42.58,-86.54
42.58,-86.5
42.58,-86.46
42.58,-86.42
42.58,-86.38
42.58,-86.34
42.58,-86.3
42.58,-86.26
42.62,-87.82
42.62,-87.78
42.62,-87.74
42.62,-87.7
42.62,-87.66
42.62,-87.62
42.62,-87.58
42.62,-87.54
42.62,-87.5
42.62,-87.46
42.62,-87.42
42.62,-87.38
42.62,-87.34
42.62,-87.3
42.62,-87.26
42.62,-87.22
42.62,-87.18
42.62,-87.14
42.62,-87.1
42.62,-87.06
42.62,-87.02
42.62,-86.98
42.62,-86.94
42.62,-86.9
42.62,-86.86
42.62,-86.82
42.62,-86.78
42.62,-86.74
42.62,-86.7
42.62,-86.66
42.62,-86.62
42.62,-86.58
42.62,-86.54
42.62,-86.5
42.62,-86.46
42.62,-86.42
42.62,-86.38
42.62,-86.34
42.62,-86.3
42.62,-86.26
42.66,-87.78
42.66,-87.74
42.66,-87.7
42.66,-87.66
42.66,-87.62
42.66,-87.58
42.66,-87.54
42.66,-87.5
42.66,-87.46
42.66,-87.42
42.66,-87.38
42.66,-87.34
42.66,-87.3
42.66,-87.26
42.66,-87.22
42.66,-87.18
42.66,-87.14
42.66,-87.1
42.66,-87.06
42.66,-87.02
42.66,-86.98
42.66,-86.94
42.66,-86.9
42.66,-86.86
42.66,-86.82
42.66,-86.78
42.66,-86.74
42.66,-86.7
42.66,-86.66
42.66,-86.62
42.66,-86.58
42.66,-86.54
42.66,-86.5
42.66,-86.46
42.66,-86.42
42.66,-86.38
42.66,-86.34
42.66,-86.3
42.66,-86.26
42.7,-87.74
42.7,-87.7
42.7,-87.66
42.7,-87.62
42.7,-87.58
42.7,-87.54
42.7,-87.5
42.7,-87.46
42.7,-87.42
42.7,-87.38
42.7,-87.34
42.7,-87.3
42.7,-87.26
42.7,-87.22
42.7,-87.18
42.7,-87.14
42.7,-87.1
42.7,-87.06
42.7,-87.02
42.7,-86.98
42.7,-86.94
42.7,-86.9
42.7,-86.86
42.7,-86.82
42.7,-86.78
42.7,-86.74
42.7,-86.7
42.7,-86.66
42.7,-86.62
42.7,-86.58
42.7,-86.54
42.7,-86.5
42.7,-86.46
42.7,-86.42
42.7,-86.38
42.7,-86.34
42.7,-86.3
42.7,-86.26
42.7,-86.22
42.74,-87.74
42.74,-87.7
42.74,-87.66
42.74,-87.62
42.74,-87.58
42.74,-87.54
42.74,-87.5
42.74,-87.46
42.74,-87.42
42.74,-87.38
42.74,-87.34
42.74,-87.3
42.74,-87.26
42.74,-87.22
42.74,-87.18
42.74,-87.14
42.74,-87.1
42.74,-87.06
42.74,-87.02
42.74,-86.98
42.74,-86.94
42.74,-86.9
42.74,-86.86
42.74,-86.82
42.74,-86.78
42.74,-86.74
42.74,-86.7
42.74,-86.66
42.74,-86.62
42.74,-86.58
42.74,-86.54
42.74,-86.5
42.74,-86.46
42.74,-86.42
42.74,-86.38
42.74,-86.34
42.74,-86.3
42.74,-86.26
42.74,-86.22
42.78,-87.74
42.78,-87.7
42.78,-87.66
42.78,-87.62
42.78,-87.58
42.78,-87.54
42.78,-87.5
42.78,-87.46
42.78,-87.42
42.78,-87.38
42.78,-87.34
42.78,-87.3
42.78,-87.26
42.78,-87.22
42.78,-87.18
42.78,-87.14
42.78,-87.1
42.78,-87.06
42.78,-87.02
42.78,-86.98
42.78,-86.94
42.78,-86.9
42.78,-86.86
42.78,-86.82
42.78,-86.78
42.78,-86.74
42.78,-86.7
42.78,-86.66
42.78,-86.62
42.78,-86.58
42.78,-86.54
42.78,-86.5
42.78,-86.46
42.78,-86.42
42.78,-86.38
42.78,-86.34
42.78,-86.3
42.78,-86.26
42.82,-87.74
42.82,-87.7
42.82,-87.66
42.82,-87.62
42.82,-87.58
42.82,-87.54
42.82,-87.5
42.82,-87.46
42.82,-87.42
42.82,-87.38
42.82,-87.34
42.82,-87.3
42.82,-87.26
42.82,-87.22
42.82,-87.18
42.82,-87.14
42.82,-87.1
42.82,-87.06
42.82,-87.02
42.82,-86.98
42.82,-86.94
42.82,-86.9
42.82,-86.86
42.82,-86.82
42.82,-86.78
42.82,-86.74
42.82,-86.7
42.82,-86.66
42.82,-86.62
42.82,-86.58
42.82,-86.54
42.82,-86.5
42.82,-86.46
42.82,-86.42
42.82,-86.38
42.82,-86.34
42.82,-86.3
42.82,-86.26
42.86,-87.82
42.86,-87.78
42.86,-87.74
42.86,-87.7
42.86,-87.66
42.86,-87.62
42.86,-87.58
42.86,-87.54
42.86,-87.5
42.86,-87.46
42.86,-87.42
42.86,-87.38
42.86,-87.34
42.86,-87.3
42.86,-87.26
42.86,-87.22
42.86,-87.18
42.86,-87.14
42.86,-87.1
42.86,-87.06
42.86,-87.02
42.86,-86.98
42.86,-86.94
42.86,-86.9
42.86,-86.86
42.86,-86.82
42.86,-86.78
42.86,-86.74
42.86,-86.7
42.86,-86.66
42.86,-86.62
42.86,-86.58
42.86,-86.54
42.86,-86.5
42.86,-86.46
42.86,-86.42
42.86,-86.38
42.86,-86.34
42.86,-86.3
42.86,-86.26
42.86,-86.22
42.9,-87.82
42.9,-87.78
42.9,-87.74
42.9,-87.7
42.9,-87.66
42.9,-87.62
42.9,-87.58
42.9,-87.54
42.9,-87.5
42.9,-87.46
42.9,-87.42
42.9,-87.38
42.9,-87.34
42.9,-87.3
42.9,-87.26
42.9,-87.22
42.9,-87.18
42.9,-87.14
42.9,-87.1
42.9,-87.06
42.9,-87.02
42.9,-86.98
42.9,-86.94
42.9,-86.9
42.9,-86.86
42.9,-86.82
42.9,-86.78
42.9,-86.74
42.9,-86.7
42.9,-86.66
42.9,-86.62
42.9,-86.58
42.9,-86.54
42.9,-86.5
42.9,-86.46
42.9,-86.42
42.9,-86.38
42.9,-86.34
42.9,-86.3
42.9,-86.26
42.94,-87.82
42.94,-87.78
42.94,-87.74
42.94,-87.7
42.94,-87.66
42.94,-87.62
42.94,-87.58
42.94,-87.54
42.94,-87.5
42.94,-87.46
42.94,-87.42
42.94,-87.38
42.94,-87.34
42.94,-87.3
42.94,-87.26
42.94,-87.22
42.94,-87.18
42.94,-87.14
42.94,-87.1
42.94,-87.06
42.94,-87.02
42.94,-86.98
42.94,-86.94
42.94,-86.9
42.94,-86.86
42.94,-86.82
42.94,-86.78
42.94,-86.74
42.94,-86.7
42.94,-86.66
42.94,-86.62
42.94,-86.58
42.94,-86.54
42.94,-86.5
42.94,-86.46
42.94,-86.42
42.94,-86.38
42.94,-86.34
42.94,-86.3
42.94,-86.26
42.98,-87.82
42.98,-87.78
42.98,-87.74
42.98,-87.7
42.98,-87.66
42.98,-87.62
42.98,-87.58
42.98,-87.54
42.98,-87.5
42.98,-87.46
42.98,-87.42
42.98,-87.38
42.98,-87.34
42.98,-87.3
42.98,-87.26
42.98,-87.22
42.98,-87.18
42.98,-87.14
42.98,-87.1
42.98,-87.06
42.98,-87.02
42.98,-86.98
42.98,-86.94
42.98,-86.9
42.98,-86.86
42.98,-86.82
42.98,-86.78
42.98,-86.74
42.98,-86.7
42.98,-86.66
42.98,-86.62
42.98,-86.58
42.98,-86.54
42.98,-86.5
42.98,-86.46
42.98,-86.42
42.98,-86.38
42.98,-86.34
42.98,-86.3
42.98,-86.26
43.02,-87.86
43.02,-87.82
43.02,-87.78
43.02,-87.74
43.02,-87.7
43.02,-87.66
43.02,-87.62
43.02,-87.58
43.02,-87.54
43.02,-87.5
43.02,-87.46
43.02,-87.42
43.02,-87.38
43.02,-87.34
43.02,-87.3
43.02,-87.26
43.02,-87.22
43.02,-87.18
43.02,-87.14
43.02,-87.1
43.02,-87.06
43.02,-87.02
43.02,-86.98
43.02,-86.94
43.02,-86.9
43.02,-86.86
43.02,-86.82
43.02,-86.78
43.02,-86.74
43.02,-86.7
43.02,-86.66
43.02,-86.62
43.02,-86.58
43.02,-86.54
43.02,-86.5
43.02,-86.46
43.02,-86.42
43.02,-86.38
43.02,-86.34
43.02,-86.3
43.02,-86.26
43.06,-87.86
43.06,-87.82
43.06,-87.78
43.06,-87.74
43.06,-87.7
43.06,-87.66
43.06,-87.62
43.06,-87.58
43.06,-87.54
43.06,-87.5
43.06,-87.46
43.06,-87.42
43.06,-87.38
43.06,-87.34
43.06,-87.3
43.06,-87.26
43.06,-87.22
43.06,-87.18
43.06,-87.14
43.06,-87.1
43.06,-87.06
43.06,-87.02
43.06,-86.98
43.06,-86.94
43.06,-86.9
43.06,-86.86
43.06,-86.82
43.06,-86.78
43.06,-86.74
43.06,-86.7
43.06,-86.66
43.06,-86.62
43.06,-86.58
43.06,-86.54
43.06,-86.5
43.06,-86.46
43.06,-86.42
43.06,-86.38
43.06,-86.34
43.06,-86.3
43.1,-87.82
43.1,-87.78
43.1,-87.74
43.1,-87.7
43.1,-87.66
43.1,-87.62
43.1,-87.58
43.1,-87.54
43.1,-87.5
43.1,-87.46
43.1,-87.42
43.1,-87.38
43.1,-87.34
43.1,-87.3
43.1,-87.26
43.1,-87.22
43.1,-87.18
43.1,-87.14
43.1,-87.1
43.1,-87.06
43.1,-87.02
43.1,-86.98
43.1,-86.94
43.1,-86.9
43.1,-86.86
43.1,-86.82
43.1,-86.78
43.1,-86.74
43.1,-86.7
43.1,-86.66
43.1,-86.62
43.1,-86.58
43.1,-86.54
43.1,-86.5
43.1,-86.46
43.1,-86.42
43.1,-86.38
43.1,-86.34
43.1,-86.3
43.14,-87.86
43.14,-87.82
43.14,-87.78
43.14,-87.74
43.14,-87.7
43.14,-87.66
43.14,-87.62
43.14,-87.58
43.14,-87.54
43.14,-87.5
43.14,-87.46
43.14,-87.42
43.14,-87.38
43.14,-87.34
43.14,-87.3
43.14,-87.26
43.14,-87.22
43.14,-87.18
43.14,-87.14
43.14,-87.1
43.14,-87.06
43.14,-87.02
43.14,-86.98
43.14,-86.94
43.14,-86.9
43.14,-86.86
43.14,-86.82
43.14,-86.78
43.14,-86.74
43.14,-86.7
43.14,-86.66
43.14,-86.62
43.14,-86.58
43.14,-86.54
43.14,-86.5
43.14,-86.46
43.14,-86.42
43.14,-86.38
43.14,-86.34
43.14,-86.3
43.18,-87.86
43.18,-87.82
43.18,-87.78
43.18,-87.74
43.18,-87.7
43.18,-87.66
43.18,-87.62
43.18,-87.58
43.18,-87.54
43.18,-87.5
43.18,-87.46
43.18,-87.42
43.18,-87.38
43.18,-87.34
43.18,-87.3
43.18,-87.26
43.18,-87.22
43.18,-87.18
43.18,-87.14
43.18,-87.1
43.18,-87.06
43.18,-87.02
43.18,-86.98
43.18,-86.94
43.18,-86.9
43.18,-86.86
43.18,-86.82
43.18,-86.78
43.18,-86.74
43.18,-86.7
43.18,-86.66
43.18,-86.62
43.18,-86.58
43.18,-86.54
43.18,-86.5
43.18,-86.46
43.18,-86.42
43.18,-86.38
43.18,-86.34
43.22,-87.86
43.22,-87.82
43.22,-87.78
43.22,-87.74
43.22,-87.7
43.22,-87.66
43.22,-87.62
43.22,-87.58
43.22,-87.54
43.22,-87.5
43.22,-87.46
43.22,-87.42
43.22,-87.38
43.22,-87.34
43.22,-87.3
43.22,-87.26
43.22,-87.22
43.22,-87.18
43.22,-87.14
43.22,-87.1
43.22,-87.06
43.22,-87.02
43.22,-86.98
43.22,-86.94
43.22,-86.9
43.22,-86.86
43.22,-86.82
43.22,-86.78
43.22,-86.74
43.22,-86.7
43.22,-86.66
43.22,-86.62
43.22,-86.58
43.22,-86.54
43.22,-86.5
43.22,-86.46
43.22,-86.42
43.22,-86.38
43.26,-87.9
43.26,-87.86
43.26,-87.82
43.26,-87.78
43.26,-87.74
43.26,-87.7
43.26,-87.66
43.26,-87.62
43.26,-87.58
43.26,-87.54
43.26,-87.5
43.26,-87.46
43.26,-87.42
43.26,-87.38
43.26,-87.34
43.26,-87.3
43.26,-87.26
43.26,-87.22
43.26,-87.18
43.26,-87.14
43.26,-87.1
43.26,-87.06
43.26,-87.02
43.26,-86.98
43.26,-86.94
43.26,-86.9
43.26,-86.86
43.26,-86.82
43.26,-86.78
43.26,-86.74
43.26,-86.7
43.26,-86.66
43.26,-86.62
43.26,-86.58
43.26,-86.54
43.26,-86.5
43.26,-86.46
43.26,-86.42
43.26,-86.38
43.3,-87.86
43.3,-87.82
43.3,-87.78
43.3,-87.74
43.3,-87.7
43.3,-87.66
43.3,-87.62
43.3,-87.58
43.3,-87.54
43.3,-87.5
43.3,-87.46
43.3,-87.42
43.3,-87.38
43.3,-87.34
43.3,-87.3
43.3,-87.26
43.3,-87.22
43.3,-87.18
43.3,-87.14
43.3,-87.1
43.3,-87.06
43.3,-87.02
43.3,-86.98
43.3,-86.94
43.3,-86.9
43.3,-86.86
43.3,-86.82
43.3,-86.78
43.3,-86.74
43.3,-86.7
43.3,-86.66
43.3,-86.62
43.3,-86.58
43.3,-86.54
43.3,-86.5
43.3,-86.46
43.3,-86.42
43.34,-87.86
43.34,-87.82
43.34,-87.78
43.34,-87.74
43.34,-87.7
43.34,-87.66
43.34,-87.62
43.34,-87.58
43.34,-87.54
43.34,-87.5
43.34,-87.46
43.34,-87.42
43.34,-87.38
43.34,-87.34
43.34,-87.3
43.34,-87.26
43.34,-87.22
43.34,-87.18
43.34,-87.14
43.34,-87.1
43.34,-87.06
43.34,-87.02
43.34,-86.98
43.34,-86.94
43.34,-86.9
43.34,-86.86
43.34,-86.82
43.34,-86.78
43.34,-86.74
43.34,-86.7
43.34,-86.66
43.34,-86.62
43.34,-86.58
43.34,-86.54
43.34,-86.5
43.34,-86.46
43.38,-87.86
43.38,-87.82
43.38,-87.78
43.38,-87.74
43.38,-87.7
43.38,-87.66
43.38,-87.62
43.38,-87.58
43.38,-87.54
43.38,-87.5
43.38,-87.46
43.38,-87.42
43.38,-87.38
43.38,-87.34
43.38,-87.3
43.38,-87.26
43.38,-87.22
43.38,-87.18
43.38,-87.14
43.38,-87.1
43.38,-87.06
43.38,-87.02
43.38,-86.98
43.38,-86.94
43.38,-86.9
43.38,-86.86
43.38,-86.82
43.38,-86.78
43.38,-86.74
43.38,-86.7
43.38,-86.66
43.38,-86.62
43.38,-86.58
43.38,-86.54
43.38,-86.5
43.38,-86.46
43.42,-87.82
43.42,-87.78
43.42,-87.74
43.42,-87.7
43.42,-87.66
43.42,-87.62
43.42,-87.58
43.42,-87.54
43.42,-87.5
43.42,-87.46
43.42,-87.42
43.42,-87.38
43.42,-87.34
43.42,-87.3
43.42,-87.26
43.42,-87.22
43.42,-87.18
43.42,-87.14
43.42,-87.1
43.42,-87.06
43.42,-87.02
43.42,-86.98
43.42,-86.94
43.42,-86.9
43.42,-86.86
43.42,-86.82
43.42,-86.78
43.42,-86.74
43.42,-86.7
43.42,-86.66
43.42,-86.62
43.42,-86.58
43.42,-86.54
43.42,-86.5
43.46,-87.78
43.46,-87.74
43.46,-87.7
43.46,-87.66
43.46,-87.62
43.46,-87.58
43.46,-87.54
43.46,-87.5
43.46,-87.46
43.46,-87.42
43.46,-87.38
43.46,-87.34
43.46,-87.3
43.46,-87.26
43.46,-87.22
43.46,-87.18
43.46,-87.14
43.46,-87.1
43.46,-87.06
43.46,-87.02
43.46,-86.98
43.46,-86.94
43.46,-86.9
43.46,-86.86
43.46,-86.82
43.46,-86.78
43.46,-86.74
43.46,-86.7
43.46,-86.66
43.46,-86.62
43.46,-86.58
43.46,-86.54
43.46,-86.5
43.5,-87.78
43.5,-87.74
43.5,-87.7
43.5,-87.66
43.5,-87.62
43.5,-87.58
43.5,-87.54
43.5,-87.5
43.5,-87.46
43.5,-87.42
43.5,-87.38
43.5,-87.34
43.5,-87.3
43.5,-87.26
43.5,-87.22
43.5,-87.18
43.5,-87.14
43.5,-87.1
43.5,-87.06
43.5,-87.02
43.5,-86.98
43.5,-86.94
43.5,-86.9
43.5,-86.86
43.5,-86.82
43.5,-86.78
43.5,-86.74
43.5,-86.7
43.5,-86.66
43.5,-86.62
43.5,-86.58
43.5,-86.54
43.5,-86.5
43.54,-87.78
43.54,-87.74
43.54,-87.7
43.54,-87.66
43.54,-87.62
43.54,-87.58
43.54,-87.54
43.54,-87.5
43.54,-87.46
43.54,-87.42
43.54,-87.38
43.54,-87.34
43.54,-87.3
43.54,-87.26
43.54,-87.22
43.54,-87.18
43.54,-87.14
43.54,-87.1
43.54,-87.06
43.54,-87.02
43.54,-86.98
43.54,-86.94
43.54,-86.9
43.54,-86.86
43.54,-86.82
43.54,-86.78
43.54,-86.74
43.54,-86.7
43.54,-86.66
43.54,-86.62
43.54,-86.58
43.54,-86.54
43.58,-87.74
43.58,-87.7
43.58,-87.66
43.58,-87.62
43.58,-87.58
43.58,-87.54
43.58,-87.5
43.58,-87.46
43.58,-87.42
43.58,-87.38
43.58,-87.34
43.58,-87.3
43.58,-87.26
43.58,-87.22
43.58,-87.18
43.58,-87.14
43.58,-87.1
43.58,-87.06
43.58,-87.02
43.58,-86.98
43.58,-86.94
43.58,-86.9
43.58,-86.86
43.58,-86.82
43.58,-86.78
43.58,-86.74
43.58,-86.7
43.58,-86.66
43.58,-86.62
43.58,-86.58
43.58,-86.54
43.62,-87.74
43.62,-87.7
43.62,-87.66
43.62,-87.62
43.62,-87.58
43.62,-87.54
43.62,-87.5
43.62,-87.46
43.62,-87.42
43.62,-87.38
43.62,-87.34
43.62,-87.3
43.62,-87.26
43.62,-87.22
43.62,-87.18
43.62,-87.14
43.62,-87.1
43.62,-87.06
43.62,-87.02
43.62,-86.98
43.62,-86.94
43.62,-86.9
43.62,-86.86
43.62,-86.82
43.62,-86.78
43.62,-86.74
43.62,-86.7
43.62,-86.66
43.62,-86.62
43.62,-86.58
43.66,-87.7
43.66,-87.66
43.66,-87.62
43.66,-87.58
43.66,-87.54
43.66,-87.5
43.66,-87.46
43.66,-87.42
43.66,-87.38
43.66,-87.34
43.66,-87.3
43.66,-87.26
43.66,-87.22
43.66,-87.18
43.66,-87.14
43.66,-87.1
43.66,-87.06
43.66,-87.02
43.66,-86.98
43.66,-86.94
43.66,-86.9
43.66,-86.86
43.66,-86.82
43.66,-86.78
43.66,-86.74
43.66,-86.7
43.66,-86.66
43.66,-86.62
43.66,-86.58
43.7,-87.66
43.7,-87.62
43.7,-87.58
43.7,-87.54
43.7,-87.5
43.7,-87.46
43.7,-87.42
43.7,-87.38
43.7,-87.34
43.7,-87.3
43.7,-87.26
43.7,-87.22
43.7,-87.18
43.7,-87.14
43.7,-87.1
43.7,-87.06
43.7,-87.02
43.7,-86.98
43.7,-86.94
43.7,-86.9
43.7,-86.86
43.7,-86.82
43.7,-86.78
43.7,-86.74
43.7,-86.7
43.7,-86.66
43.7,-86.62
43.7,-86.58
43.74,-87.66
43.74,-87.62
43.74,-87.58
43.74,-87.54
43.74,-87.5
43.74,-87.46
43.74,-87.42
43.74,-87.38
43.74,-87.34
43.74,-87.3
43.74,-87.26
43.74,-87.22
43.74,-87.18
43.74,-87.14
43.74,-87.1
43.74,-87.06
43.74,-87.02
43.74,-86.98
43.74,-86.94
43.74,-86.9
43.74,-86.86
43.74,-86.82
43.74,-86.78
43.74,-86.74
43.74,-86.7
43.74,-86.66
43.74,-86.62
43.74,-86.58
43.74,-86.54
43.74,-86.5
43.78,-87.66
43.78,-87.62
43.78,-87.58
43.78,-87.54
43.78,-87.5
43.78,-87.46
43.78,-87.42
43.78,-87.38
43.78,-87.34
43.78,-87.3
43.78,-87.26
43.78,-87.22
43.78,-87.18
43.78,-87.14
43.78,-87.1
43.78,-87.06
43.78,-87.02
43.78,-86.98
43.78,-86.94
43.78,-86.9
43.78,-86.86
43.78,-86.82
43.78,-86.78
43.78,-86.74
43.78,-86.7
43.78,-86.66
43.78,-86.62
43.78,-86.58
43.78,-86.54
43.78,-86.5
43.78,-86.46
43.82,-87.7
43.82,-87.66
43.82,-87.62
43.82,-87.58
43.82,-87.54
43.82,-87.5
43.82,-87.46
43.82,-87.42
43.82,-87.38
43.82,-87.34
43.82,-87.3
43.82,-87.26
43.82,-87.22
43.82,-87.18
43.82,-87.14
43.82,-87.1
43.82,-87.06
43.82,-87.02
43.82,-86.98
43.82,-86.94
43.82,-86.9
43.82,-86.86
43.82,-86.82
43.82,-86.78
43.82,-86.74
43.82,-86.7
43.82,-86.66
43.82,-86.62
43.82,-86.58
43.82,-86.54
43.82,-86.5
43.82,-86.46
43.86,-87.7
43.86,-87.66
43.86,-87.62
43.86,-87.58
43.86,-87.54
43.86,-87.5
43.86,-87.46
43.86,-87.42
43.86,-87.38
43.86,-87.34
43.86,-87.3
43.86,-87.26
43.86,-87.22
43.86,-87.18
43.86,-87.14
43.86,-87.1
43.86,-87.06
43.86,-87.02
43.86,-86.98
43.86,-86.94
43.86,-86.9
43.86,-86.86
43.86,-86.82
43.86,-86.78
43.86,-86.74
43.86,-86.7
43.86,-86.66
43.86,-86.62
43.86,-86.58
43.86,-86.54
43.86,-86.5
43.9,-87.7
43.9,-87.66
43.9,-87.62
43.9,-87.58
43.9,-87.54
43.9,-87.5
43.9,-87.46
43.9,-87.42
43.9,-87.38
43.9,-87.34
43.9,-87.3
43.9,-87.26
43.9,-87.22
43.9,-87.18
43.9,-87.14
43.9,-87.1
43.9,-87.06
43.9,-87.02
43.9,-86.98
43.9,-86.94
43.9,-86.9
43.9,-86.86
43.9,-86.82
43.9,-86.78
43.9,-86.74
43.9,-86.7
43.9,-86.66
43.9,-86.62
43.9,-86.58
43.9,-86.54
43.9,-86.5
43.94,-87.7
43.94,-87.66
43.94,-87.62
43.94,-87.58
43.94,-87.54
43.94,-87.5
43.94,-87.46
43.94,-87.42
43.94,-87.38
43.94,-87.34
43.94,-87.3
43.94,-87.26
43.94,-87.22
43.94,-87.18
43.94,-87.14
43.94,-87.1
43.94,-87.06
43.94,-87.02
43.94,-86.98
43.94,-86.94
43.94,-86.9
43.94,-86.86
43.94,-86.82
43.94,-86.78
43.94,-86.74
43.94,-86.7
43.94,-86.66
43.94,-86.62
43.94,-86.58
43.94,-86.54
43.94,-86.5
43.98,-87.66
43.98,-87.62
43.98,-87.58
43.98,-87.54
43.98,-87.5
43.98,-87.46
43.98,-87.42
43.98,-87.38
43.98,-87.34
43.98,-87.3
43.98,-87.26
43.98,-87.22
43.98,-87.18
43.98,-87.14
43.98,-87.1
43.98,-87.06
43.98,-87.02
43.98,-86.98
43.98,-86.94
43.98,-86.9
43.98,-86.86
43.98,-86.82
43.98,-86.78
43.98,-86.74
43.98,-86.7
43.98,-86.66
43.98,-86.62
43.98,-86.58
43.98,-86.54
43.98,-86.5
44.02,-87.66
44.02,-87.62
44.02,-87.58
44.02,-87.54
44.02,-87.5
44.02,-87.46
44.02,-87.42
44.02,-87.38
44.02,-87.34
44.02,-87.3
44.02,-87.26
44.02,-87.22
44.02,-87.18
44.02,-87.14
44.02,-87.1
44.02,-87.06
44.02,-87.02
44.02,-86.98
44.02,-86.94
44.02,-86.9
44.02,-86.86
44.02,-86.82
44.02,-86.78
44.02,-86.74
44.02,-86.7
44.02,-86.66
44.02,-86.62
44.02,-86.58
44.02,-86.54
44.06,-87.62
44.06,-87.58
44.06,-87.54
44.06,-87.5
44.06,-87.46
44.06,-87.42
44.06,-87.38
44.06,-87.34
44.06,-87.3
44.06,-87.26
44.06,-87.22
44.06,-87.18
44.06,-87.14
44.06,-87.1
44.06,-87.06
44.06,-87.02
44.06,-86.98
44.06,-86.94
44.06,-86.9
44.06,-86.86
44.06,-86.82
44.06,-86.78
44.06,-86.74
44.06,-86.7
44.06,-86.66
44.06,-86.62
44.06,-86.58
44.06,-86.54
44.1,-87.62
44.1,-87.58
44.1,-87.54
44.1,-87.5
44.1,-87.46
44.1,-87.42
44.1,-87.38
44.1,-87.34
44.1,-87.3
44.1,-87.26
44.1,-87.22
44.1,-87.18
44.1,-87.14
44.1,-87.1
44.1,-87.06
44.1,-87.02
44.1,-86.98
44.1,-86.94
44.1,-86.9
44.1,-86.86
44.1,-86.82
44.1,-86.78
44.1,-86.74
44.1,-86.7
44.1,-86.66
44.1,-86.62
44.1,-86.58
44.1,-86.54
44.14,-87.54
44.14,-87.5
44.14,-87.46
44.14,-87.42
44.14,-87.38
44.14,-87.34
44.14,-87.3
44.14,-87.26
44.14,-87.22
44.14,-87.18
44.14,-87.14
44.14,-87.1
44.14,-87.06
44.14,-87.02
44.14,-86.98
44.14,-86.94
44.14,-86.9
44.14,-86.86
44.14,-86.82
44.14,-86.78
44.14,-86.74
44.14,-86.7
44.14,-86.66
44.14,-86.62
44.14,-86.58
44.14,-86.54
44.14,-86.5
44.14,-86.46
44.18,-87.5
44.18,-87.46
44.18,-87.42
44.18,-87.38
44.18,-87.34
44.18,-87.3
44.18,-87.26
44.18,-87.22
44.18,-87.18
44.18,-87.14
44.18,-87.1
44.18,-87.06
44.18,-87.02
44.18,-86.98
44.18,-86.94
44.18,-86.9
44.18,-86.86
44.18,-86.82
44.18,-86.78
44.18,-86.74
44.18,-86.7
44.18,-86.66
44.18,-86.62
44.18,-86.58
44.18,-86.54
44.18,-86.5
44.18,-86.46
44.18,-86.42
44.22,-87.5
44.22,-87.46
44.22,-87.42
44.22,-87.38
44.22,-87.34
44.22,-87.3
44.22,-87.26
44.22,-87.22
44.22,-87.18
44.22,-87.14
44.22,-87.1
44.22,-87.06
44.22,-87.02
44.22,-86.98
44.22,-86.94
44.22,-86.9
44.22,-86.86
44.22,-86.82
44.22,-86.78
44.22,-86.74
44.22,-86.7
44.22,-86.66
44.22,-86.62
44.22,-86.58
44.22,-86.54
44.22,-86.5
44.22,-86.46
44.22,-86.42
44.26,-87.5
44.26,-87.46
44.26,-87.42
44.26,-87.38
44.26,-87.34
44.26,-87.3
44.26,-87.26
44.26,-87.22
44.26,-87.18
44.26,-87.14
44.26,-87.1
44.26,-87.06
44.26,-87.02
44.26,-86.98
44.26,-86.94
44.26,-86.9
44.26,-86.86
44.26,-86.82
44.26,-86.78
44.26,-86.74
44.26,-86.7
44.26,-86.66
44.26,-86.62
44.26,-86.58
44.26,-86.54
44.26,-86.5
44.26,-86.46
44.26,-86.42
44.26,-86.38
44.3,-87.5
44.3,-87.46
44.3,-87.42
44.3,-87.38
44.3,-87.34
44.3,-87.3
44.3,-87.26
44.3,-87.22
44.3,-87.18
44.3,-87.14
44.3,-87.1
44.3,-87.06
44.3,-87.02
44.3,-86.98
44.3,-86.94
44.3,-86.9
44.3,-86.86
44.3,-86.82
44.3,-86.78
44.3,-86.74
44.3,-86.7
44.3,-86.66
44.3,-86.62
44.3,-86.58
44.3,-86.54
44.3,-86.5
44.3,-86.46
44.3,-86.42
44.3,-86.38
44.3,-86.34
44.34,-87.5
44.34,-87.46
44.34,-87.42
44.34,-87.38
44.34,-87.34
44.34,-87.3
44.34,-87.26
44.34,-87.22
44.34,-87.18
44.34,-87.14
44.34,-87.1
44.34,-87.06
44.34,-87.02
44.34,-86.98
44.34,-86.94
44.34,-86.9
44.34,-86.86
44.34,-86.82
44.34,-86.78
44.34,-86.74
44.34,-86.7
44.34,-86.66
44.34,-86.62
44.34,-86.58
44.34,-86.54
44.34,-86.5
44.34,-86.46
44.34,-86.42
44.34,-86.38
44.34,-86.34
44.38,-87.5
44.38,-87.46
44.38,-87.42
44.38,-87.38
44.38,-87.34
44.38,-87.3
44.38,-87.26
44.38,-87.22
44.38,-87.18
44.38,-87.14
44.38,-87.1
44.38,-87.06
44.38,-87.02
44.38,-86.98
44.38,-86.94
44.38,-86.9
44.38,-86.86
44.38,-86.82
44.38,-86.78
44.38,-86.74
44.38,-86.7
44.38,-86.66
44.38,-86.62
44.38,-86.58
44.38,-86.54
44.38,-86.5
44.38,-86.46
44.38,-86.42
44.38,-86.38
44.38,-86.34
44.38,-86.3
44.42,-87.5
44.42,-87.46
44.42,-87.42
44.42,-87.38
44.42,-87.34
44.42,-87.3
44.42,-87.26
44.42,-87.22
44.42,-87.18
44.42,-87.14
44.42,-87.1
44.42,-87.06
44.42,-87.02
44.42,-86.98
44.42,-86.94
44.42,-86.9
44.42,-86.86
44.42,-86.82
44.42,-86.78
44.42,-86.74
44.42,-86.7
44.42,-86.66
44.42,-86.62
44.42,-86.58
44.42,-86.54
44.42,-86.5
44.42,-86.46
44.42,-86.42
44.42,-86.38
44.42,-86.34
44.42,-86.3
44.42,-86.26
44.46,-87.46
44.46,-87.42
44.46,-87.38
44.46,-87.34
44.46,-87.3
44.46,-87.26
44.46,-87.22
44.46,-87.18
44.46,-87.14
44.46,-87.1
44.46,-87.06
44.46,-87.02
44.46,-86.98
44.46,-86.94
44.46,-86.9
44.46,-86.86
44.46,-86.82
44.46,-86.78
44.46,-86.74
44.46,-86.7
44.46,-86.66
44.46,-86.62
44.46,-86.58
44.46,-86.54
44.46,-86.5
44.46,-86.46
44.46,-86.42
44.46,-86.38
44.46,-86.34
44.46,-86.3
44.5,-87.46
44.5,-87.42
44.5,-87.38
44.5,-87.34
44.5,-87.3
44.5,-87.26
44.5,-87.22
44.5,-87.18
44.5,-87.14
44.5,-87.1
44.5,-87.06
44.5,-87.02
44.5,-86.98
44.5,-86.94
44.5,-86.9
44.5,-86.86
44.5,-86.82
44.5,-86.78
44.5,-86.74
44.5,-86.7
44.5,-86.66
44.5,-86.62
44.5,-86.58
44.5,-86.54
44.5,-86.5
44.5,-86.46
44.5,-86.42
44.5,-86.38
44.5,-86.34
44.5,-86.3
44.5,-86.26
44.54,-87.42
44.54,-87.38
44.54,-87.34
44.54,-87.3
44.54,-87.26
44.54,-87.22
44.54,-87.18
44.54,-87.14
44.54,-87.1
44.54,-87.06
44.54,-87.02
44.54,-86.98
44.54,-86.94
44.54,-86.9
44.54,-86.86
44.54,-86.82
44.54,-86.78
44.54,-86.74
44.54,-86.7
44.54,-86.66
44.54,-86.62
44.54,-86.58
44.54,-86.54
44.54,-86.5
44.54,-86.46
44.54,-86.42
44.54,-86.38
44.54,-86.34
44.54,-86.3
44.54,-86.26
44.58,-87.42
44.58,-87.38
44.58,-87.34
44.58,-87.3
44.58,-87.26
44.58,-87.22
44.58,-87.18
44.58,-87.14
44.58,-87.1
44.58,-87.06
44.58,-87.02
44.58,-86.98
44.58,-86.94
44.58,-86.9
44.58,-86.86
44.58,-86.82
44.58,-86.78
44.58,-86.74
44.58,-86.7
44.58,-86.66
44.58,-86.62
44.58,-86.58
44.58,-86.54
44.58,-86.5
44.58,-86.46
44.58,-86.42
44.58,-86.38
44.58,-86.34
44.58,-86.3
44.58,-86.26
44.62,-87.38
44.62,-87.34
44.62,-87.3
44.62,-87.26
44.62,-87.22
44.62,-87.18
44.62,-87.14
44.62,-87.1
44.62,-87.06
44.62,-87.02
44.62,-86.98
44.62,-86.94
44.62,-86.9
44.62,-86.86
44.62,-86.82
44.62,-86.78
44.62,-86.74
44.62,-86.7
44.62,-86.66
44.62,-86.62
44.62,-86.58
44.62,-86.54
44.62,-86.5
44.62,-86.46
44.62,-86.42
44.62,-86.38
44.62,-86.34
44.62,-86.3
44.62,-86.26
44.66,-87.38
44.66,-87.34
44.66,-87.3
44.66,-87.26
44.66,-87.22
44.66,-87.18
44.66,-87.14
44.66,-87.1
44.66,-87.06
44.66,-87.02
44.66,-86.98
44.66,-86.94
44.66,-86.9
44.66,-86.86
44.66,-86.82
44.66,-86.78
44.66,-86.74
44.66,-86.7
44.66,-86.66
44.66,-86.62
44.66,-86.58
44.66,-86.54
44.66,-86.5
44.66,-86.46
44.66,-86.42
44.66,-86.38
44.66,-86.34
44.66,-86.3
44.7,-87.34
44.7,-87.3
44.7,-87.26
44.7,-87.22
44.7,-87.18
44.7,-87.14
44.7,-87.1
44.7,-87.06
44.7,-87.02
44.7,-86.98
44.7,-86.94
44.7,-86.9
44.7,-86.86
44.7,-86.82
44.7,-86.78
44.7,-86.74
44.7,-86.7
44.7,-86.66
44.7,-86.62
44.7,-86.58
44.7,-86.54
44.7,-86.5
44.7,-86.46
44.7,-86.42
44.7,-86.38
44.7,-86.34
44.7,-86.3
44.74,-87.3
44.74,-87.26
44.74,-87.22
44.74,-87.18
44.74,-87.14
44.74,-87.1
44.74,-87.06
44.74,-87.02
44.74,-86.98
44.74,-86.94
44.74,-86.9
44.74,-86.86
44.74,-86.82
44.74,-86.78
44.74,-86.74
44.74,-86.7
44.74,-86.66
44.74,-86.62
44.74,-86.58
44.74,-86.54
44.74,-86.5
44.74,-86.46
44.74,-86.42
44.74,-86.38
44.74,-86.34
44.74,-86.3
44.74,-86.26
44.74,-86.22
44.74,-86.18
44.78,-87.3
44.78,-87.26
44.78,-87.22
44.78,-87.18
44.78,-87.14
44.78,-87.1
44.78,-87.06
44.78,-87.02
44.78,-86.98
44.78,-86.94
44.78,-86.9
44.78,-86.86
44.78,-86.82
44.78,-86.78
44.78,-86.74
44.78,-86.7
44.78,-86.66
44.78,-86.62
44.78,-86.58
44.78,-86.54
44.78,-86.5
44.78,-86.46
44.78,-86.42
44.78,-86.38
44.78,-86.34
44.78,-86.3
44.78,-86.26
44.78,-86.22
44.78,-86.18
44.78,-86.14
44.78,-86.1
44.82,-87.26
44.82,-87.22
44.82,-87.18
44.82,-87.14
44.82,-87.1
44.82,-87.06
44.82,-87.02
44.82,-86.98
44.82,-86.94
44.82,-86.9
44.82,-86.86
44.82,-86.82
44.82,-86.78
44.82,-86.74
44.82,-86.7
44.82,-86.66
44.82,-86.62
44.82,-86.58
44.82,-86.54
44.82,-86.5
44.82,-86.46
44.82,-86.42
44.82,-86.38
44.82,-86.34
44.82,-86.3
44.82,-86.26
44.82,-86.22
44.82,-86.18
44.82,-86.14
44.82,-86.1
44.86,-87.22
44.86,-87.18
44.86,-87.14
44.86,-87.1
44.86,-87.06
44.86,-87.02
44.86,-86.98
44.86,-86.94
44.86,-86.9
44.86,-86.86
44.86,-86.82
44.86,-86.78
44.86,-86.74
44.86,-86.7
44.86,-86.66
44.86,-86.62
44.86,-86.58
44.86,-86.54
44.86,-86.5
44.86,-86.46
44.86,-86.42
44.86,-86.38
44.86,-86.34
44.86,-86.3
44.86,-86.26
44.86,-86.22
44.86,-86.18
44.86,-86.14
44.86,-86.1
44.9,-87.18
44.9,-87.14
44.9,-87.1
44.9,-87.06
44.9,-87.02
44.9,-86.98
44.9,-86.94
44.9,-86.9
44.9,-86.86
44.9,-86.82
44.9,-86.78
44.9,-86.74
44.9,-86.7
44.9,-86.66
44.9,-86.62
44.9,-86.58
44.9,-86.54
44.9,-86.5
44.9,-86.46
44.9,-86.42
44.9,-86.38
44.9,-86.34
44.9,-86.3
44.9,-86.26
44.9,-86.22
44.9,-86.18
44.9,-86.14
44.9,-86.1
44.94,-87.14
44.94,-87.1
44.94,-87.06
44.94,-87.02
44.94,-86.98
44.94,-86.94
44.94,-86.9
44.94,-86.86
44.94,-86.82
44.94,-86.78
44.94,-86.74
44.94,-86.7
44.94,-86.66
44.94,-86.62
44.94,-86.58
44.94,-86.54
44.94,-86.5
44.94,-86.46
44.94,-86.42
44.94,-86.38
44.94,-86.34
44.94,-86.3
44.94,-86.26
44.94,-86.22
44.94,-86.18
44.94,-86.14
44.94,-86.1
44.94,-86.06
44.94,-86.02
44.94,-85.98
44.98,-87.14
44.98,-87.1
44.98,-87.06
44.98,-87.02
44.98,-86.98
44.98,-86.94
44.98,-86.9
44.98,-86.86
44.98,-86.82
44.98,-86.78
44.98,-86.74
44.98,-86.7
44.98,-86.66
44.98,-86.62
44.98,-86.58
44.98,-86.54
44.98,-86.5
44.98,-86.46
44.98,-86.42
44.98,-86.38
44.98,-86.34
44.98,-86.3
44.98,-86.26
44.98,-86.22
44.98,-86.18
44.98,-86.14
44.98,-86.1
44.98,-86.06
44.98,-86.02
44.98,-85.98
44.98,-85.94
44.98,-85.9
44.98,-85.86
44.98,-85.82
45.02,-87.1
45.02,-87.06
45.02,-87.02
45.02,-86.98
45.02,-86.94
45.02,-86.9
45.02,-86.86
45.02,-86.82
45.02,-86.78
45.02,-86.74
45.02,-86.7
45.02,-86.66
45.02,-86.62
45.02,-86.58
45.02,-86.54
45.02,-86.5
45.02,-86.46
45.02,-86.42
45.02,-86.38
45.02,-86.34
45.02,-86.3
45.02,-86.26
45.02,-86.22
45.02,-86.18
45.02,-86.14
45.02,-86.1
45.02,-86.06
45.02,-86.02
45.02,-85.98
45.02,-85.94
45.02,-85.9
45.02,-85.86
45.02,-85.82
45.02,-85.78
45.06,-87.1
45.06,-87.06
45.06,-87.02
45.06,-86.98
45.06,-86.94
45.06,-86.9
45.06,-86.86
45.06,-86.82
45.06,-86.78
45.06,-86.74
45.06,-86.7
45.06,-86.66
45.06,-86.62
45.06,-86.58
45.06,-86.54
45.06,-86.5
45.06,-86.46
45.06,-86.42
45.06,-86.38
45.06,-86.34
45.06,-86.3
45.06,-86.26
45.06,-86.22
45.06,-86.18
45.06,-86.14
45.06,-86.1
45.06,-86.06
45.06,-86.02
45.06,-85.98
45.06,-85.94
45.06,-85.9
45.06,-85.86
45.06,-85.82
45.06,-85.78
45.06,-85.74
45.1,-87.06
45.1,-87.02
45.1,-86.98
45.1,-86.94
45.1,-86.9
45.1,-86.86
45.1,-86.82
45.1,-86.78
45.1,-86.74
45.1,-86.7
45.1,-86.66
45.1,-86.62
45.1,-86.58
45.1,-86.54
45.1,-86.5
45.1,-86.46
45.1,-86.42
45.1,-86.38
45.1,-86.34
45.1,-86.3
45.1,-86.26
45.1,-86.22
45.1,-86.18
45.1,-86.14
45.1,-86.1
45.1,-86.06
45.1,-86.02
45.1,-85.98
45.1,-85.94
45.1,-85.9
45.1,-85.86
45.1,-85.82
45.1,-85.78
45.1,-85.74
45.1,-85.7
45.14,-87.02
45.14,-86.98
45.14,-86.94
45.14,-86.9
45.14,-86.86
45.14,-86.82
45.14,-86.78
45.14,-86.74
45.14,-86.7
45.14,-86.66
45.14,-86.62
45.14,-86.58
45.14,-86.54
45.14,-86.5
45.14,-86.46
45.14,-86.42
45.14,-86.38
45.14,-86.34
45.14,-86.3
45.14,-86.26
45.14,-86.22
45.14,-86.18
45.14,-86.14
45.14,-86.1
45.14,-86.06
45.14,-86.02
45.14,-85.98
45.14,-85.94
45.14,-85.9
45.14,-85.86
45.14,-85.82
45.14,-85.78
45.14,-85.74
45.14,-85.7
45.18,-87.02
45.18,-86.98
45.18,-86.94
45.18,-86.9
45.18,-86.86
45.18,-86.82
45.18,-86.78
45.18,-86.74
45.18,-86.7
45.18,-86.66
45.18,-86.62
45.18,-86.58
45.18,-86.54
45.18,-86.5
45.18,-86.46
45.18,-86.42
45.18,-86.38
45.18,-86.34
45.18,-86.3
45.18,-86.26
45.18,-86.22
45.18,-86.18
45.18,-86.14
45.18,-86.1
45.18,-86.06
45.18,-86.02
45.18,-85.98
45.18,-85.94
45.18,-85.9
45.18,-85.86
45.18,-85.82
45.18,-85.78
45.18,-85.74
45.18,-85.7
45.18,-85.66
45.18,-85.62
45.22,-86.98
45.22,-86.94
45.22,-86.9
45.22,-86.86
45.22,-86.82
45.22,-86.78
45.22,-86.74
45.22,-86.7
45.22,-86.66
45.22,-86.62
45.22,-86.58
45.22,-86.54
45.22,-86.5
45.22,-86.46
45.22,-86.42
45.22,-86.38
45.22,-86.34
45.22,-86.3
45.22,-86.26
45.22,-86.22
45.22,-86.18
45.22,-86.14
45.22,-86.1
45.22,-86.06
45.22,-86.02
45.22,-85.98
45.22,-85.94
45.22,-85.9
45.22,-85.86
45.22,-85.82
45.22,-85.78
45.22,-85.74
45.22,-85.7
45.22,-85.66
45.22,-85.62
45.26,-86.94
45.26,-86.9
45.26,-86.86
45.26,-86.82
45.26,-86.78
45.26,-86.74
45.26,-86.7
45.26,-86.66
45.26,-86.62
45.26,-86.58
45.26,-86.54
45.26,-86.5
45.26,-86.46
45.26,-86.42
45.26,-86.38
45.26,-86.34
45.26,-86.3
45.26,-86.26
45.26,-86.22
45.26,-86.18
45.26,-86.14
45.26,-86.1
45.26,-86.06
45.26,-86.02
45.26,-85.98
45.26,-85.94
45.26,-85.9
45.26,-85.86
45.26,-85.82
45.26,-85.78
45.26,-85.74
45.26,-85.7
45.26,-85.66
45.26,-85.62
45.26,-85.58
45.26,-85.54
45.26,-85.5
45.3,-86.9
45.3,-86.86
45.3,-86.82
45.3,-86.78
45.3,-86.74
45.3,-86.7
45.3,-86.66
45.3,-86.62
45.3,-86.58
45.3,-86.54
45.3,-86.5
45.3,-86.46
45.3,-86.42
45.3,-86.38
45.3,-86.34
45.3,-86.3
45.3,-86.26
45.3,-86.22
45.3,-86.18
45.3,-86.14
45.3,-86.1
45.3,-86.06
45.3,-86.02
45.3,-85.98
45.3,-85.94
45.3,-85.9
45.3,-85.86
45.3,-85.82
45.3,-85.78
45.3,-85.74
45.3,-85.7
45.3,-85.66
45.3,-85.62
45.3,-85.58
45.3,-85.54
45.3,-85.5
45.3,-85.46
45.3,-85.42
45.3,-85.38
45.34,-86.86
45.34,-86.82
45.34,-86.78
45.34,-86.74
45.34,-86.7
45.34,-86.66
45.34,-86.62
45.34,-86.58
45.34,-86.54
45.34,-86.5
45.34,-86.46
45.34,-86.42
45.34,-86.38
45.34,-86.34
45.34,-86.3
45.34,-86.26
45.34,-86.22
45.34,-86.18
45.34,-86.14
45.34,-86.1
45.34,-86.06
45.34,-86.02
45.34,-85.98
45.34,-85.94
45.34,-85.9
45.34,-85.86
45.34,-85.82
45.34,-85.78
45.34,-85.74
45.34,-85.7
45.34,-85.66
45.34,-85.62
45.34,-85.58
45.34,-85.54
45.34,-85.5
45.34,-85.46
45.34,-85.42
45.34,-85.38
45.34,-85.34
45.34,-85.3
45.34,-85.26
45.38,-86.82
45.38,-86.78
45.38,-86.74
45.38,-86.7
45.38,-86.66
45.38,-86.62
45.38,-86.58
45.38,-86.54
45.38,-86.5
45.38,-86.46
45.38,-86.42
45.38,-86.38
45.38,-86.34
45.38,-86.3
45.38,-86.26
45.38,-86.22
45.38,-86.18
45.38,-86.14
45.38,-86.1
45.38,-86.06
45.38,-86.02
45.38,-85.98
45.38,-85.94
45.38,-85.9
45.38,-85.86
45.38,-85.82
45.38,-85.78
45.38,-85.74
45.38,-85.7
45.38,-85.66
45.38,-85.62
45.38,-85.58
45.38,-85.54
45.38,-85.5
45.38,-85.46
45.38,-85.42
45.38,-85.38
45.38,-85.34
45.38,-85.3
45.38,-85.26
45.38,-85.22
45.38,-85.18
45.42,-86.82
45.42,-86.78
45.42,-86.74
45.42,-86.7
45.42,-86.66
45.42,-86.62
45.42,-86.58
45.42,-86.54
45.42,-86.5
45.42,-86.46
45.42,-86.42
45.42,-86.38
45.42,-86.34
45.42,-86.3
45.42,-86.26
45.42,-86.22
45.42,-86.18
45.42,-86.14
45.42,-86.1
45.42,-86.06
45.42,-86.02
45.42,-85.98
45.42,-85.94
45.42,-85.9
45.42,-85.86
45.42,-85.82
45.42,-85.78
45.42,-85.74
45.42,-85.7
45.42,-85.66
45.42,-85.62
45.42,-85.58
45.42,-85.54
45.42,-85.5
45.42,-85.46
45.42,-85.42
45.42,-85.38
45.42,-85.34
45.42,-85.3
45.42,-85.26
45.42,-85.22
45.42,-85.18
45.42,-85.14
45.42,-85.1
45.42,-85.06
45.42,-85.02
45.42,-84.98
45.42,-84.94
45.46,-86.78
45.46,-86.74
45.46,-86.7
45.46,-86.66
45.46,-86.62
45.46,-86.58
45.46,-86.54
45.46,-86.5
45.46,-86.46
45.46,-86.42
45.46,-86.38
45.46,-86.34
45.46,-86.3
45.46,-86.26
45.46,-86.22
45.46,-86.18
45.46,-86.14
45.46,-86.1
45.46,-86.06
45.46,-86.02
45.46,-85.98
45.46,-85.94
45.46,-85.9
45.46,-85.86
45.46,-85.82
45.46,-85.78
45.46,-85.74
45.46,-85.7
45.46,-85.66
45.46,-85.62
45.46,-85.58
45.46,-85.54
45.46,-85.5
45.46,-85.46
45.46,-85.42
45.46,-85.38
45.46,-85.34
45.46,-85.3
45.46,-85.26
45.46,-85.22
45.46,-85.18
45.46,-85.14
45.46,-85.1
45.5,-86.74
45.5,-86.7
45.5,-86.66
45.5,-86.62
45.5,-86.58
45.5,-86.54
45.5,-86.5
45.5,-86.46
45.5,-86.42
45.5,-86.38
45.5,-86.34
45.5,-86.3
45.5,-86.26
45.5,-86.22
45.5,-86.18
45.5,-86.14
45.5,-86.1
45.5,-86.06
45.5,-86.02
45.5,-85.98
45.5,-85.94
45.5,-85.9
45.5,-85.86
45.5,-85.82
45.5,-85.78
45.5,-85.74
45.5,-85.7
45.5,-85.66
45.5,-85.62
45.5,-85.58
45.5,-85.54
45.5,-85.5
45.5,-85.46
45.5,-85.42
45.5,-85.38
45.5,-85.34
45.5,-85.3
45.5,-85.26
45.5,-85.22
45.5,-85.18
45.5,-85.14
45.54,-86.74
45.54,-86.7
45.54,-86.66
45.54,-86.62
45.54,-86.58
45.54,-86.54
45.54,-86.5
45.54,-86.46
45.54,-86.42
45.54,-86.38
45.54,-86.34
45.54,-86.3
45.54,-86.26
45.54,-86.22
45.54,-86.18
45.54,-86.14
45.54,-86.1
45.54,-86.06
45.54,-86.02
45.54,-85.98
45.54,-85.94
45.54,-85.9
45.54,-85.86
45.54,-85.82
45.54,-85.78
45.54,-85.74
45.54,-85.7
45.54,-85.66
45.54,-85.62
45.54,-85.58
45.54,-85.54
45.54,-85.5
45.54,-85.46
45.54,-85.42
45.54,-85.38
45.54,-85.34
45.54,-85.3
45.54,-85.26
45.54,-85.22
45.54,-85.18
45.54,-85.14
45.58,-86.66
45.58,-86.62
45.58,-86.58
45.58,-86.54
45.58,-86.5
45.58,-86.46
45.58,-86.42
45.58,-86.38
45.58,-86.34
45.58,-86.3
45.58,-86.26
45.58,-86.22
45.58,-86.18
45.58,-86.14
45.58,-86.1
45.58,-86.06
45.58,-86.02
45.58,-85.98
45.58,-85.94
45.58,-85.9
45.58,-85.86
45.58,-85.82
45.58,-85.78
45.58,-85.74
45.58,-85.7
45.58,-85.66
45.58,-85.62
45.58,-85.58
45.58,-85.54
45.58,-85.5
45.58,-85.46
45.58,-85.42
45.58,-85.38
45.58,-85.34
45.58,-85.3
45.58,-85.26
45.58,-85.22
45.58,-85.18
45.58,-85.14
45.62,-86.62
45.62,-86.58
45.62,-86.54
45.62,-86.5
45.62,-86.46
45.62,-86.42
45.62,-86.38
45.62,-86.34
45.62,-86.3
45.62,-86.26
45.62,-86.22
45.62,-86.18
45.62,-86.14
45.62,-86.1
45.62,-86.06
45.62,-86.02
45.62,-85.98
45.62,-85.94
45.62,-85.9
45.62,-85.86
45.62,-85.82
45.62,-85.78
45.62,-85.74
45.62,-85.7
45.62,-85.66
45.62,-85.62
45.62,-85.58
45.62,-85.54
45.62,-85.5
45.62,-85.46
45.62,-85.42
45.62,-85.38
45.62,-85.34
45.62,-85.3
45.62,-85.26
45.62,-85.22
45.62,-85.18
45.62,-85.14
45.66,-86.62
45.66,-86.58
45.66,-86.54
45.66,-86.5
45.66,-86.46
45.66,-86.42
45.66,-86.38
45.66,-86.34
45.66,-86.3
45.66,-86.26
45.66,-86.22
45.66,-86.18
45.66,-86.14
45.66,-86.1
45.66,-86.06
45.66,-86.02
45.66,-85.98
45.66,-85.94
45.66,-85.9
45.66,-85.86
45.66,-85.82
45.66,-85.78
45.66,-85.74
45.66,-85.7
45.66,-85.66
45.66,-85.62
45.66,-85.58
45.66,-85.54
45.66,-85.5
45.66,-85.46
45.66,-85.42
45.66,-85.38
45.66,-85.34
45.66,-85.3
45.66,-85.26
45.66,-85.22
45.66,-85.18
45.66,-85.14
45.66,-85.1
45.66,-85.06
45.7,-86.58
45.7,-86.54
45.7,-86.5
45.7,-86.46
45.7,-86.42
45.7,-86.38
45.7,-86.34
45.7,-86.3
45.7,-86.26
45.7,-86.22
45.7,-86.18
45.7,-86.14
45.7,-86.1
45.7,-86.06
45.7,-86.02
45.7,-85.98
45.7,-85.94
45.7,-85.9
45.7,-85.86
45.7,-85.82
45.7,-85.78
45.7,-85.74
45.7,-85.7
45.7,-85.66
45.7,-85.62
45.7,-85.58
45.7,-85.54
45.7,-85.5
45.7,-85.46
45.7,-85.42
45.7,-85.38
45.7,-85.34
45.7,-85.3
45.7,-85.26
45.7,-85.22
45.7,-85.18
45.7,-85.14
45.7,-85.1
45.7,-85.06
45.7,-85.02
45.74,-86.54
45.74,-86.5
45.74,-86.46
45.74,-86.42
45.74,-86.38
45.74,-86.34
45.74,-86.3
45.74,-86.26
45.74,-86.22
45.74,-86.18
45.74,-86.14
45.74,-86.1
45.74,-86.06
45.74,-86.02
45.74,-85.98
45.74,-85.94
45.74,-85.9
45.74,-85.86
45.74,-85.82
45.74,-85.78
45.74,-85.74
45.74,-85.7
45.74,-85.66
45.74,-85.62
45.74,-85.58
45.74,-85.54
45.74,-85.5
45.74,-85.46
45.74,-85.42
45.74,-85.38
45.74,-85.34
45.74,-85.3
45.74,-85.26
45.74,-85.22
45.74,-85.18
45.74,-85.14
45.74,-85.1
45.74,-85.06
45.74,-85.02
45.74,-84.98
45.78,-86.38
45.78,-86.34
45.78,-86.3
45.78,-86.26
45.78,-86.22
45.78,-86.18
45.78,-86.14
45.78,-86.1
45.78,-86.06
45.78,-86.02
45.78,-85.98
45.78,-85.94
45.78,-85.9
45.78,-85.86
45.78,-85.82
45.78,-85.78
45.78,-85.74
45.78,-85.7
45.78,-85.66
45.78,-85.62
45.78,-85.58
45.78,-85.54
45.78,-85.5
45.78,-85.46
45.78,-85.42
45.78,-85.38
45.78,-85.34
45.78,-85.3
45.78,-85.26
45.78,-85.22
45.78,-85.18
45.78,-85.14
45.78,-85.1
45.82,-86.34
45.82,-86.3
45.82,-86.26
45.82,-86.22
45.82,-86.18
45.82,-86.14
45.82,-86.1
45.82,-86.06
45.82,-86.02
45.82,-85.98
45.82,-85.94
45.82,-85.9
45.82,-85.86
45.82,-85.82
45.82,-85.78
45.82,-85.74
45.82,-85.7
45.82,-85.66
45.82,-85.62
45.82,-85.58
45.82,-85.54
45.82,-85.5
45.82,-85.46
45.82,-85.42
45.82,-85.38
45.82,-85.34
45.82,-85.3
45.82,-85.26
45.82,-85.22
45.82,-85.18
45.82,-85.14
45.82,-85.1
45.82,-85.06
45.82,-85.02
45.82,-84.98
45.82,-84.94
45.82,-84.9
45.82,-84.86
45.82,-84.82
45.82,-84.78
45.86,-86.34
45.86,-86.3
45.86,-86.26
45.86,-86.22
45.86,-86.18
45.86,-86.14
45.86,-86.1
45.86,-86.06
45.86,-86.02
45.86,-85.98
45.86,-85.94
45.86,-85.9
45.86,-85.86
45.86,-85.82
45.86,-85.78
45.86,-85.74
45.86,-85.7
45.86,-85.66
45.86,-85.62
45.86,-85.58
45.86,-85.54
45.86,-85.5
45.86,-85.46
45.86,-85.42
45.86,-85.38
45.86,-85.34
45.86,-85.3
45.86,-85.26
45.86,-85.22
45.86,-85.18
45.86,-85.14
45.86,-85.1
45.86,-85.06
45.86,-85.02
45.86,-84.98
45.86,-84.94
45.86,-84.9
45.86,-84.86
45.86,-84.82
45.9,-86.3
45.9,-86.26
45.9,-86.22
45.9,-86.18
45.9,-86.14
45.9,-86.1
45.9,-86.06
45.9,-86.02
45.9,-85.98
45.9,-85.94
45.9,-85.9
45.9,-85.86
45.9,-85.82
45.9,-85.78
45.9,-85.74
45.9,-85.7
45.9,-85.66
45.9,-85.62
45.9,-85.58
45.9,-85.54
45.9,-85.5
45.9,-85.46
45.9,-85.42
45.9,-85.38
45.9,-85.34
45.9,-85.3
45.9,-85.26
45.9,-85.22
45.9,-85.18
45.9,-85.14
45.9,-85.1
45.9,-85.06
45.9,-85.02
45.9,-84.98
45.9,-84.94
45.9,-84.9
45.94,-86.26
45.94,-86.22
45.94,-86.18
45.94,-86.14
45.94,-86.1
45.94,-86.06
45.94,-86.02
45.94,-85.98
45.94,-85.94
45.94,-85.9
45.94,-85.86
45.94,-85.82
45.94,-85.78
45.94,-85.74
45.94,-85.7
45.94,-85.66
45.94,-85.62
45.94,-85.58
45.94,-85.54
45.94,-85.5
45.94,-85.46
45.94,-85.42
45.94,-85.38
45.94,-85.34
45.94,-85.3
45.94,-85.26
45.94,-85.22
45.94,-85.18
45.94,-85.14
45.94,-85.1
45.94,-85.06
45.94,-85.02
45.94,-84.98
45.94,-84.94
45.98,-86.14
45.98,-86.1
45.98,-86.06
45.98,-86.02
45.98,-85.98
45.98,-85.94
45.98,-85.9
45.98,-85.86
45.98,-85.82
45.98,-85.78
45.98,-85.74
45.98,-85.7
45.98,-85.66
45.98,-85.62
45.98,-85.58
45.98,-85.54
45.98,-85.5
45.98,-85.46
45.98,-85.42
45.98,-85.38
45.98,-85.34
45.98,-85.3
45.98,-85.26
45.98,-85.22
45.98,-85.18
45.98,-85.14
45.98,-85.1
45.98,-85.06
45.98,-85.02
45.98,-84.98
